log2n,gain_eps0.01,R2_eps0.01,gain_eps0.001,R2_eps0.001
7,0.00000,0.3279,0.00000,0.2566
8,0.00000,0.3885,0.00000,0.3421
9,0.00000,0.4312,0.00000,0.3991
10,0.00000,0.4597,0.00000,0.4348
11,0.00803,0.2922,0.00000,0.4633
12,0.01984,0.2922,0.01058,0.2994
13,0.02804,0.3279,0.02054,0.3065
14,0.03391,0.3207,0.02863,0.3243
15,0.03778,0.3207,0.03459,0.3172
16,0.04060,0.3421,0.03863,0.3350
17,0.04245,0.3350,0.04104,0.3243
18,0.04433,0.3279,0.04275,0.3493
19,0.04501,0.3243,0.04404,0.3279
20,0.04619,0.3528,0.04479,0.3029
