model,log2n,gap
BSBC(0.01;0.10),6,-0.18515
BSBC(0.01;0.10),7,-0.10559
BSBC(0.01;0.10),8,-0.05468
BSBC(0.01;0.10),9,-0.02600
BSBC(0.01;0.10),10,-0.00859
BSBC(0.01;0.10),11,0.00769
BSBC(0.01;0.10),12,0.01981
BSBC(0.01;0.10),13,0.02792
BSBC(0.01;0.10),14,0.03363
BSBC(0.01;0.10),15,0.03752
QSBC(0.0199;0.19),6,-0.00041
QSBC(0.0199;0.19),7,-0.02400
QSBC(0.0199;0.19),8,-0.03621
QSBC(0.0199;0.19),9,-0.02747
QSBC(0.0199;0.19),10,-0.00437
QSBC(0.0199;0.19),11,0.01944
QSBC(0.0199;0.19),12,0.03603
QSBC(0.0199;0.19),13,0.04990
QSBC(0.0199;0.19),14,0.05674
QSBC(0.01;0.10),6,-0.00659
QSBC(0.01;0.10),7,-0.01820
QSBC(0.01;0.10),8,-0.02387
QSBC(0.01;0.10),9,-0.03268
QSBC(0.01;0.10),10,-0.01846
QSBC(0.01;0.10),11,-0.00067
QSBC(0.01;0.10),12,0.01846
QSBC(0.01;0.10),13,0.03254
QSBC(0.01;0.10),14,0.04312
