kind,R2,best,mix,tdm_eq,tdm_pc
8psk,0.00000,2.69028,2.69028,2.69028,2.66653
8psk,0.01807,2.59579,2.59579,2.60831,2.63894
8psk,0.03614,2.57216,2.57216,2.57428,2.59757
8psk,0.05421,2.54856,2.54856,2.54165,2.55620
8psk,0.07228,2.52493,2.52493,2.51042,2.53469
8psk,0.09035,2.50134,2.50134,2.47988,2.49399
8psk,0.10842,2.45412,2.45412,2.45074,2.46686
8psk,0.12649,2.43048,2.43048,2.42160,2.43973
8psk,0.14456,2.40691,2.40691,2.39247,2.41262
8psk,0.16262,2.38327,2.38327,2.36404,2.38550
8psk,0.18069,2.35971,2.35971,2.33562,2.35839
8psk,0.19876,2.33606,2.33606,2.30789,2.33129
8psk,0.21683,2.31252,2.31252,2.28017,2.30420
8psk,0.23490,2.28887,2.28887,2.25245,2.27711
8psk,0.25297,2.26533,2.26533,2.22474,2.25002
8psk,0.27104,2.21816,2.21816,2.19773,2.22294
8psk,0.28911,2.21816,2.21816,2.17072,2.19587
8psk,0.30718,2.17099,2.17099,2.14372,2.16881
8psk,0.32525,2.14733,2.14733,2.11673,2.14175
8psk,0.34332,2.12383,2.12383,2.08974,2.11470
8psk,0.36139,2.10016,2.10016,2.06276,2.08765
8psk,0.37946,2.07668,2.07668,2.03648,2.06061
8psk,0.39753,2.05301,2.05301,2.01020,2.03358
8psk,0.41560,2.02953,2.02953,1.98323,2.00656
8psk,0.43367,2.00586,2.00586,1.95697,1.97954
8psk,0.45174,1.98240,1.98240,1.93071,1.95253
8psk,0.46980,1.95873,1.95873,1.90446,1.92553
8psk,0.48787,1.93528,1.93528,1.87821,1.89853
8psk,0.50594,1.91160,1.91160,1.85197,1.87155
8psk,0.52401,1.88816,1.88816,1.82574,1.84457
8psk,0.54208,1.86448,1.86448,1.80020,1.81760
8psk,0.56015,1.84106,1.84106,1.77398,1.79107
8psk,0.57822,1.81737,1.81737,1.74846,1.76460
8psk,0.59629,1.79396,1.79396,1.72226,1.73813
8psk,0.61436,1.77027,1.77027,1.69675,1.72490
8psk,0.63243,1.74688,1.74688,1.67056,1.69844
8psk,0.65050,1.72319,1.72319,1.64507,1.67200
8psk,0.66857,1.69980,1.69980,1.61959,1.64556
8psk,0.68664,1.67613,1.67613,1.59342,1.61914
8psk,0.70471,1.65274,1.65274,1.56795,1.59272
8psk,0.72278,1.62908,1.62908,1.54250,1.56632
8psk,0.74085,1.60569,1.60569,1.51704,1.53993
8psk,0.75892,1.58204,1.58204,1.49160,1.51354
8psk,0.77699,1.55865,1.55865,1.46617,1.48717
8psk,0.79505,1.53501,1.53501,1.44074,1.46081
8psk,0.81312,1.51162,1.51162,1.41533,1.43446
8psk,0.83119,1.48800,1.48800,1.38992,1.40813
8psk,0.84926,1.46460,1.46460,1.36453,1.38180
8psk,0.86733,1.44099,1.44099,1.33914,1.36080
8psk,0.88540,1.41760,1.41760,1.31377,1.33502
8psk,0.90347,1.39400,1.39400,1.28909,1.30925
8psk,0.92154,1.37060,1.37060,1.26374,1.28350
8psk,0.93961,1.34702,1.34702,1.23839,1.25776
8psk,0.95768,1.32362,1.32362,1.21375,1.23203
8psk,0.97575,1.30005,1.30005,1.18843,1.20632
8psk,0.99382,1.27666,1.27666,1.16312,1.18063
8psk,1.01189,1.25310,1.25310,1.13851,1.15861
8psk,1.02996,1.22971,1.22971,1.11323,1.13243
8psk,1.04803,1.20616,1.20616,1.08865,1.10626
8psk,1.06610,1.18277,1.18277,1.06339,1.08011
8psk,1.08417,1.15924,1.15924,1.03816,1.05397
8psk,1.10223,1.13584,1.13584,1.01361,1.02786
8psk,1.12030,1.11233,1.11233,0.98908,1.00176
8psk,1.13837,1.08893,1.08893,0.96389,0.97570
8psk,1.15644,1.06544,1.06544,0.93939,0.95018
8psk,1.17451,1.04204,1.04204,0.91423,0.92467
8psk,1.19258,1.01856,1.01856,0.88977,0.89919
8psk,1.21065,0.99516,0.99516,0.86533,0.87373
8psk,1.22872,0.97170,0.97170,0.84022,0.84830
8psk,1.24679,0.94830,0.94830,0.81581,0.82289
8psk,1.26486,0.92486,0.92486,0.79143,0.80150
8psk,1.28293,0.90146,0.90146,0.76638,0.77510
8psk,1.30100,0.87803,0.87803,0.74204,0.74874
8psk,1.31907,0.85464,0.85464,0.71772,0.72241
8psk,1.33714,0.83122,0.83122,0.69342,0.70335
8psk,1.35521,0.80783,0.80783,0.66915,0.67757
8psk,1.37328,0.78606,0.78606,0.64423,0.65183
8psk,1.39135,0.74260,0.74260,0.62001,0.62613
8psk,1.40941,0.72090,0.72090,0.59583,0.60047
8psk,1.42748,0.69922,0.69922,0.57167,0.57485
8psk,1.44555,0.65594,0.65594,0.54754,0.55207
8psk,1.46362,0.63433,0.63433,0.52346,0.52602
8psk,1.48169,0.59121,0.59121,0.49940,0.50076
8psk,1.49976,0.56970,0.56970,0.47539,0.47431
8psk,1.51783,0.54822,0.54822,0.45142,0.44816
8psk,1.53590,0.50535,0.50535,0.42683,0.42232
8psk,1.55397,0.48398,0.48398,0.40296,0.39691
8psk,1.57204,0.44135,0.44135,0.37914,0.37184
8psk,1.59011,0.42010,0.42010,0.35538,0.35604
8psk,1.60818,0.39890,0.39890,0.33168,0.33244
8psk,1.62625,0.35666,0.35666,0.30805,0.30695
8psk,1.64432,0.33563,0.33563,0.28516,0.28431
8psk,1.66239,0.31466,0.31466,0.26169,0.26063
8psk,1.68046,0.27295,0.27295,0.23832,0.23495
8psk,1.69853,0.25222,0.25222,0.21506,0.21384
8psk,1.71660,0.21105,0.21105,0.19192,0.18895
8psk,1.73466,0.19065,0.19065,0.16893,0.16317
8psk,1.75273,0.17038,0.17038,0.14611,0.14443
8psk,1.77080,0.13034,0.13034,0.12350,0.12368
8psk,1.78887,0.11063,0.11063,0.10115,0.10239
8psk,1.80694,0.09120,0.09120,0.07914,0.08016
8psk,1.82501,0.05347,0.05347,0.05818,0.05974
8psk,1.84308,0.03547,0.03547,0.03727,0.03985
8psk,1.86115,0.01846,0.01846,0.01752,0.02201
8psk,1.87922,0.00000,0.00000,0.00059,0.00000
8psk,1.89729,nan,nan,nan,nan
8psk,1.91536,nan,nan,nan,nan
8psk,1.93343,nan,nan,nan,nan
8psk,1.95150,nan,nan,nan,nan
8psk,1.96957,nan,nan,nan,nan
8psk,1.98764,nan,nan,nan,nan
8psk,2.00571,nan,nan,nan,nan
8psk,2.02378,nan,nan,nan,nan
8psk,2.04184,nan,nan,nan,nan
8psk,2.05991,nan,nan,nan,nan
8psk,2.07798,nan,nan,nan,nan
8psk,2.09605,nan,nan,nan,nan
8psk,2.11412,nan,nan,nan,nan
8psk,2.13219,nan,nan,nan,nan
8psk,2.15026,nan,nan,nan,nan
8qam,0.00000,2.71287,2.71287,2.71287,2.68787
8qam,0.01729,2.64087,2.64087,2.61000,2.66008
8qam,0.03457,2.61687,2.61687,2.57292,2.61840
8qam,0.05186,2.56887,2.56887,2.53865,2.57918
8qam,0.06914,2.54488,2.54488,2.50649,2.55185
8qam,0.08643,2.52088,2.52088,2.47433,2.52453
8qam,0.10372,2.49689,2.49689,2.44288,2.49721
8qam,0.12100,2.47290,2.47290,2.41283,2.46990
8qam,0.13829,2.44891,2.44891,2.38278,2.44260
8qam,0.15557,2.42492,2.42492,2.35275,2.41530
8qam,0.17286,2.40093,2.40093,2.32341,2.38800
8qam,0.19014,2.37694,2.37694,2.29409,2.34707
8qam,0.20743,2.35295,2.35295,2.26547,2.31997
8qam,0.22472,2.32897,2.32897,2.23685,2.29320
8qam,0.24200,2.30498,2.30498,2.20824,2.26644
8qam,0.25929,2.28100,2.28100,2.17963,2.23968
8qam,0.27657,2.25702,2.25702,2.15173,2.21293
8qam,0.29386,2.23304,2.23304,2.12384,2.18619
8qam,0.31115,2.20906,2.20906,2.09595,2.15945
8qam,0.32843,2.18508,2.18508,2.06807,2.13272
8qam,0.34572,2.16110,2.16110,2.04019,2.10600
8qam,0.36300,2.13713,2.13713,2.01302,2.07928
8qam,0.38029,2.11315,2.11315,1.98516,2.05257
8qam,0.39757,2.08918,2.08918,1.95800,2.02587
8qam,0.41486,2.06521,2.06521,1.93085,1.99918
8qam,0.43215,2.04124,2.04124,1.90370,1.97250
8qam,0.44943,2.01727,2.01727,1.87656,1.94582
8qam,0.46672,1.99330,1.99330,1.84943,1.91915
8qam,0.48400,1.96934,1.96934,1.82300,1.89249
8qam,0.50129,1.94537,1.94537,1.79588,1.86584
8qam,0.51858,1.94537,1.94537,1.76877,1.83919
8qam,0.53586,1.92141,1.92141,1.74237,1.80372
8qam,0.55315,1.89745,1.89745,1.71597,1.77766
8qam,0.57043,1.87349,1.87349,1.68888,1.75161
8qam,0.58772,1.84953,1.84953,1.66250,1.72557
8qam,0.60501,1.82557,1.82557,1.63612,1.69954
8qam,0.62229,1.80161,1.80161,1.60975,1.67352
8qam,0.63958,1.77766,1.77766,1.58339,1.64751
8qam,0.65686,1.75371,1.75371,1.55704,1.62151
8qam,0.67415,1.73081,1.73081,1.53070,1.59552
8qam,0.69143,1.70792,1.70792,1.50437,1.56954
8qam,0.70872,1.66217,1.66217,1.47804,1.54358
8qam,0.72601,1.63929,1.63929,1.45173,1.51059
8qam,0.74329,1.61643,1.61643,1.42542,1.48045
8qam,0.76058,1.57073,1.57073,1.39982,1.45395
8qam,0.77786,1.54789,1.54789,1.37353,1.42747
8qam,0.79515,1.52505,1.52505,1.34726,1.40100
8qam,0.81244,1.47941,1.47941,1.32169,1.37509
8qam,0.82972,1.45659,1.45659,1.29543,1.34922
8qam,0.84701,1.43379,1.43379,1.26988,1.32336
8qam,0.86429,1.38822,1.38822,1.24365,1.29752
8qam,0.88158,1.36543,1.36543,1.21813,1.27169
8qam,0.89886,1.34266,1.34266,1.19261,1.24588
8qam,0.91615,1.31990,1.31990,1.16642,1.22008
8qam,0.93344,1.27440,1.27440,1.14093,1.18244
8qam,0.95072,1.25169,1.25169,1.11545,1.15731
8qam,0.96801,1.22895,1.22895,1.08998,1.13219
8qam,0.98529,1.18353,1.18353,1.06385,1.10709
8qam,1.00258,1.16086,1.16086,1.03841,1.08201
8qam,1.01987,1.13816,1.13816,1.01299,1.05695
8qam,1.03715,1.11549,1.11549,0.98758,1.02715
8qam,1.05444,1.07021,1.07021,0.96219,1.00150
8qam,1.07172,1.04755,1.04755,0.93682,0.97588
8qam,1.08901,1.02493,1.02493,0.91147,0.95028
8qam,1.10630,1.00232,1.00232,0.88613,0.92470
8qam,1.12358,0.95715,0.95715,0.86081,0.89458
8qam,1.14087,0.93461,0.93461,0.83551,0.86969
8qam,1.15815,0.91203,0.91203,0.81023,0.84482
8qam,1.17544,0.88950,0.88950,0.78497,0.80992
8qam,1.19272,0.84451,0.84451,0.75973,0.78448
8qam,1.21001,0.82199,0.82199,0.73452,0.75908
8qam,1.22730,0.79953,0.79953,0.71001,0.73371
8qam,1.24458,0.75468,0.75468,0.68485,0.70858
8qam,1.26187,0.73224,0.73224,0.65971,0.68391
8qam,1.27915,0.70986,0.70986,0.63460,0.65929
8qam,1.29644,0.68749,0.68749,0.60952,0.63256
8qam,1.31373,0.64283,0.64283,0.58515,0.60241
8qam,1.33101,0.62057,0.62057,0.56014,0.57667
8qam,1.34830,0.59828,0.59828,0.53516,0.55096
8qam,1.36558,0.57604,0.57604,0.51089,0.52531
8qam,1.38287,0.53168,0.53168,0.48599,0.50023
8qam,1.40015,0.50951,0.50951,0.46113,0.47416
8qam,1.41744,0.48740,0.48740,0.43699,0.44867
8qam,1.43473,0.46533,0.46533,0.41223,0.42324
8qam,1.45201,0.42131,0.42131,0.38819,0.39788
8qam,1.46930,0.39939,0.39939,0.36354,0.37260
8qam,1.48658,0.37747,0.37747,0.33961,0.34606
8qam,1.50387,0.33384,0.33384,0.31510,0.32158
8qam,1.52116,0.31214,0.31214,0.29132,0.28505
8qam,1.53844,0.29046,0.29046,0.26697,0.27073
8qam,1.55573,0.26890,0.26890,0.24337,0.24534
8qam,1.57301,0.22600,0.22600,0.21922,0.22009
8qam,1.59030,0.20468,0.20468,0.19585,0.19500
8qam,1.60758,0.18352,0.18352,0.17198,0.17010
8qam,1.62487,0.16247,0.16247,0.14893,0.14641
8qam,1.64216,0.12091,0.12091,0.12608,0.12100
8qam,1.65944,0.10047,0.10047,0.10286,0.10259
8qam,1.67673,0.08032,0.08032,0.08060,0.07884
8qam,1.69401,0.06057,0.06057,0.05819,0.05920
8qam,1.71130,0.02306,0.02306,0.03707,0.03844
8qam,1.72859,0.00641,0.00641,0.01711,0.02015
8qam,1.74587,0.00000,0.00000,0.00014,0.00000
8qam,1.76316,nan,nan,nan,nan
8qam,1.78044,nan,nan,nan,nan
8qam,1.79773,nan,nan,nan,nan
8qam,1.81502,nan,nan,nan,nan
8qam,1.83230,nan,nan,nan,nan
8qam,1.84959,nan,nan,nan,nan
8qam,1.86687,nan,nan,nan,nan
8qam,1.88416,nan,nan,nan,nan
8qam,1.90144,nan,nan,nan,nan
8qam,1.91873,nan,nan,nan,nan
8qam,1.93602,nan,nan,nan,nan
8qam,1.95330,nan,nan,nan,nan
8qam,1.97059,nan,nan,nan,nan
8qam,1.98787,nan,nan,nan,nan
8qam,2.00516,nan,nan,nan,nan
8qam,2.02245,nan,nan,nan,nan
8qam,2.03973,nan,nan,nan,nan
8qam,2.05702,nan,nan,nan,nan
